Veloc,Tiempo,Angulo,Desgaste
1,1,1,0.01865
1,1,2,0.01639
1,1,3,0.01203
1,2,1,0.02455
1,2,2,0.02036
1,2,3,0.01451
1,3,1,0.02866
1,3,2,0.02133
1,3,3,0.01693
2,1,1,0.03078
2,1,2,0.01908
2,1,3,0.01696
2,2,1,0.03370
2,2,2,0.02408
2,2,3,0.01920
2,3,1,0.03326
2,3,2,0.02700
2,3,3,0.02304
3,1,1,0.03099
3,1,2,0.02333
3,1,3,0.01916
3,2,1,0.03605
3,2,2,0.02873
3,2,3,0.02362
3,3,1,0.04550
3,3,2,0.03368
3,3,3,0.03015